{"gas_spent_usd": 0.08695244316764028, "initial_deposit_usd": 5.0, "deposit_timestamp": 1781262842.4688416}