{"gas_spent_usd": 0.2172891991597152, "initial_deposit_usd": 7.939824, "deposit_timestamp": 1781396050.9715407}