{"gas_spent_usd": 0.010708198294522077, "initial_deposit_usd": 2.840457, "deposit_timestamp": 1782167519.3426602}