{"gas_spent_usd": 0.15765275654617872, "initial_deposit_usd": 5.052104, "deposit_timestamp": 1781354972.8075926}