{"gas_spent_usd": 0.1676426377898994, "initial_deposit_usd": 5.052104, "deposit_timestamp": 1781354972.8075926}