{"gas_spent_usd": 0.1969449069693424, "initial_deposit_usd": 7.911136, "deposit_timestamp": 1781364396.1773894}