{"gas_spent_usd": 0.021831896059150716, "initial_deposit_usd": 2.840457, "deposit_timestamp": 1782167519.3426602}